VISUAL_ID,PPV_OPERATION,PPV_LOT,PPV_TEST_PROGRAM,PPV_IB,PPV_FB,PPV_DATA_BIN,PPV_MODULE
D3MX382400222,8748,J316002ELT,GNRSDEPAE2313I,1,100,1000000,CR03SHST4938
D3MX382400258,8748,J316002ELT,GNRSDEPAE2313I,1,100,1000000,CR03SHST4938
D3MX382400166,8748,J316002ELT,GNRSDEPAE2313I,1,100,1000000,CR03SHST4938
D3GH832500559,8748,J316003ELT,GNRSDEPAE2313I,1,100,1000000,CR03SHST4938
D3GH832500675,8748,J316003ELT,GNRSDEPAE2313I,1,100,1000000,CR03SHST4938
D31K8R3400243,8748,J316002ELT,GNRSDEPAE2313I,1,100,1000000,CR03SHST4938
D31K8R3400109,8748,J316002ELT,GNRSDEPAE2313I,1,100,1000000,CR03SHST4938
D3GH832500674,8748,J316003ELT,GNRSDEPAE2313I,71,7118,71180040,CR03SHST4938
D3GH832500624,8748,J316003ELT,GNRSDEPAE2313I,71,7118,71180040,CR03SHST4938
D36746RF00128,8748,J316003ELT,GNRSDEPAE2313I,71,7118,71180040,CR03SHST4938
D3MX382400109,8748,J316002ELT,GNRSDEPAE2313I,1,100,1000000,CR03SHST4938
D3MX382400011,8748,J316002ELT,GNRSDEPAE2313I,1,100,1000000,CR03SHST4938
D3MX382400148,8748,J316002ELT,GNRSDEPAE2313I,1,100,1000000,CR03SHST4938
D3MX382400331,8748,J316002ELT,GNRSDEPAE2313I,1,100,1000000,CR03SHST4938
D31K8R3400230,8748,J316002ELT,GNRSDEPAE2313I,1,100,1000000,CR03SHST4938
D3MX382400085,8748,J316002ELT,GNRSDEPAE2313I,1,100,1000000,CR03SHST4938
D3MX382400316,8748,J316002ELT,GNRSDEPAE2313I,1,100,1000000,CR03SHST4938
D3MX382400010,8748,J316002ELT,GNRSDEPAE2313I,1,100,1000000,CR03SHST4938
D3MX382400007,8748,J316002ELT,GNRSDEPAE2313I,1,100,1000000,CR03SHST4938
D31K8R3400309,8748,J316002ELT,GNRSDEPAE2313I,1,100,1000000,CR03SHST4938
D31K8R3400018,8748,J316002ELT,GNRSDEPAE2313I,1,100,1000000,CR03SHST4938
D3MX382400084,8748,J316002ELT,GNRSDEPAE2313I,1,100,1000000,CR03SHST4938
D3MX382400074,8748,J316002ELT,GNRSDEPAE2313I,1,100,1000000,CR03SHST4938
D3MX382400040,8748,J316002ELT,GNRSDEPAE2313I,1,100,1000000,CR03SHST4938
D31K8R3400013,8748,J316002ELT,GNRSDEPAE2313I,1,100,1000000,CR03SHST4938
D31K8R3400120,8748,J316002ELT,GNRSDEPAE2313I,1,100,1000000,CR03SHST4938
D3MX382400221,8748,J316002ELT,GNRSDEPAE2313I,1,100,1000000,CR03SHST4938
D31K8R3400308,8748,J316002ELT,GNRSDEPAE2313I,1,100,1000000,CR03SHST4938
D31K8R3400192,8748,J316002ELT,GNRSDEPAE2313I,1,100,1000000,CR03SHST4938
D3MX382400192,8748,J316002ELT,GNRSDEPAE2313I,1,100,1000000,CR03SHST4938
D36746RF00036,8748,J316003ELT,GNRSDEPAE2313I,71,7121,71210010,CR03SHST4938
D36746RF00067,8748,J316003ELT,GNRSDEPAE2313I,71,7121,71210010,CR03SHST4938
D3GH832500622,8748,J316003ELT,GNRSDEPAE2313I,71,7121,71210010,CR03SHST4938
D36746RF00062,8748,J316003ELT,GNRSDEPAE2313I,1,100,1000000,CR03SHST4938
D3GH832500656,8748,J316003ELT,GNRSDEPAE2313I,1,100,1000000,CR03SHST4938
D3MX382400257,8748,J316002ELT,GNRSDEPAE2313I,71,7118,71180040,CR03SHST4938
D3MX382400238,8748,J316002ELT,GNRSDEPAE2313I,80,8090,80902135,CR03SHST4938
D3GH832500610,8748,J316003ELT,GNRSDEPAE2313I,1,100,1000000,CR03SHST4938
D3GH832500621,8748,J316003ELT,GNRSDEPAE2313I,1,100,1000000,CR03SHST4938
D36746RF00129,8748,J316003ELT,GNRSDEPAE2313I,1,100,1000000,CR03SHST4938
D3GH832500558,8748,J316005ELT,GNRSDEPAE2313I,1,100,1000000,CR03SHST4938
D36746RF00142,8748,J316005ELT,GNRSDEPAE2313I,1,100,1000000,CR03SHST4938
D36746RF00154,8748,J316005ELT,GNRSDEPAE2313I,1,100,1000000,CR03SHST4938
D36746RF00140,8748,J316005ELT,GNRSDEPAE2313I,1,100,1000000,CR03SHST4938
D36746RF00079,8748,J316005ELT,GNRSDEPAE2313I,1,100,1000000,CR03SHST4938
D36746RF00112,8748,J316005ELT,GNRSDEPAE2313I,1,100,1000000,CR03SHST4938
D36746RF00041,8748,J316005ELT,GNRSDEPAE2313I,71,7124,71240019,CR03SHST4938
D36746RF00072,8748,J316005ELT,GNRSDEPAE2313I,71,7118,71180040,CR03SHST4938
D36746RF00087,8748,J316005ELT,GNRSDEPAE2313I,71,7118,71180040,CR03SHST4938
D3GH832500518,8748,J316005ELT,GNRSDEPAE2313I,1,100,1000000,CR03SHST4938
D36746RF00145,8748,J316005ELT,GNRSDEPAE2313I,1,100,1000000,CR03SHST4938
D36746RF00166,8748,J316005ELT,GNRSDEPAE2313I,1,100,1000000,CR03SHST4938
D3GH832500644,8748,J316005ELT,GNRSDEPAE2313I,71,7118,71180040,CR03SHST4938
D3GH832500001,8748,J316005ELT,GNRSDEPAE2313I,1,100,1000000,CR03SHST4938
D3GH832500643,8748,J316005ELT,GNRSDEPAE2313I,1,100,1000000,CR03SHST4938
D36746RF00078,8748,J316005ELT,GNRSDEPAE2313I,1,100,1000000,CR03SHST4938
D3GH832500503,8748,J316006ELT,GNRSDEPAE2313I,1,100,1000000,CR03SHST4938
D36746RF00148,8748,J316006ELT,GNRSDEPAE2313I,1,100,1000000,CR03SHST4938
D3GH832500606,8748,J316006ELT,GNRSDEPAE2313I,1,100,1000000,CR03SHST4938
D3GH832500551,8748,J316006ELT,GNRSDEPAE2313I,1,100,1000000,CR03SHST4938
D3GH832500614,8748,J316006ELT,GNRSDEPAE2313I,1,100,1000000,CR03SHST4938
D36746RF00141,8748,J316006ELT,GNRSDEPAE2313I,1,100,1000000,CR03SHST4938
D3GH832500536,8748,J316006ELT,GNRSDEPAE2313I,1,100,1000000,CR03SHST4938
D36746RF00159,8748,J316003ELT,GNRSDEPAE2313I,1,100,1000000,CR03SHST4938
D36746RF00101,8748,J316003ELT,GNRSDEPAE2313I,1,100,1000000,CR03SHST4938
D3GH832500534,8748,J316005ELT,GNRSDEPAE2313I,1,100,1000000,CR03SHST4938
D36746RF00153,8748,J316005ELT,GNRSDEPAE2313I,1,100,1000000,CR03SHST4938
D36746RF00160,8748,J316006ELT,GNRSDEPAE2313I,1,100,1000000,CR03SHST4938
D3GH832500642,8748,J316006ELT,GNRSDEPAE2313I,1,100,1000000,CR03SHST4938
D36746RF00091,8748,J316006ELT,GNRSDEPAE2313I,1,100,1000000,CR03SHST4938
D3GH832500549,8748,J316006ELT,GNRSDEPAE2313I,1,100,1000000,CR03SHST4938
D3GH832500608,8748,J316006ELT,GNRSDEPAE2313I,1,100,1000000,CR03SHST4938
D36746RF00152,8748,J316006ELT,GNRSDEPAE2313I,1,100,1000000,CR03SHST4938
D3MX382400061,8748,J316016DPM,GNRSDEPAE2313I,1,100,1000000,CR03SHST4938
D3D7F82700062,8748,J316016DPM,GNRSDEPAE2313I,1,100,1000000,CR03SHST4938
D30Y9W4100107,8748,J316014DPM,GNRSDEPAE2313I,1,100,1000000,CR03SHST4938
D3MX382400036,8748,J316014DPM,GNRSDEPAE2313I,1,100,1000000,CR03SHST4938
D3MX382400056,8748,J316014DPM,GNRSDEPAE2313I,1,100,1000000,CR03SHST4938
D3D7F82700120,8748,J316016DPM,GNRSDEPAE2313I,1,100,1000000,CR03SHST4938
D3MX382400184,8748,J316016DPM,GNRSDEPAE2313I,1,100,1000000,CR03SHST4938
D3D7F82700097,8748,J316016DPM,GNRSDEPAE2313I,1,100,1000000,CR03SHST4938
D30Y9W4100004,8748,J316016DPM,GNRSDEPAE2313I,1,100,1000000,CR03SHST4938
D3D7F82700119,8748,J316016DPM,GNRSDEPAE2313I,1,100,1000000,CR03SHST4938
D30Y9W4100130,8748,J316016DPM,GNRSDEPAE2313I,1,100,1000000,CR03SHST4938
D3D7F82700150,8748,J316016DPM,GNRSDEPAE2313I,1,100,1000000,CR03SHST4938
D30Y9W4100026,8748,J316016DPM,GNRSDEPAE2313I,1,100,1000000,CR03SHST4938
D3MX382400055,8748,J316016DPM,GNRSDEPAE2313I,71,7118,71180100,CR03SHST4938
D3MX382400270,8748,J316016DPM,GNRSDEPAE2313I,71,7118,71180040,CR03SHST4938
D3D7F82700007,8748,J316014DPM,GNRSDEPAE2313I,1,100,1000000,CR03SHST4938
D3D7F82700037,8748,J316014DPM,GNRSDEPAE2313I,1,100,1000000,CR03SHST4938
D3D7F82700145,8748,J316014DPM,GNRSDEPAE2313I,1,100,1000000,CR03SHST4938
D3D7F82700063,8748,J316014DPM,GNRSDEPAE2313I,1,100,1000000,CR03SHST4938
D3D7F82700083,8748,J316014DPM,GNRSDEPAE2313I,1,100,1000000,CR03SHST4938
D3MX382400067,8748,J316014DPM,GNRSDEPAE2313I,1,100,1000000,CR03SHST4938
D3MX382400281,8748,J316014DPM,GNRSDEPAE2313I,80,8090,80901224,CR03SHST4938
D3D7F82700096,8748,J316014DPM,GNRSDEPAE2313I,1,100,1000000,CR03SHST4938
D3MX382400296,8748,J316014DPM,GNRSDEPAE2313I,71,7118,71180040,CR03SHST4938
D3MX382400069,8748,J316014DPM,GNRSDEPAE2313I,71,7118,71180040,CR03SHST4938
D3MX382400305,8748,J316014DPM,GNRSDEPAE2313I,81,8118,81180019,CR03SHST4938
D31K8R3400242,8748,J3160310,GNRSDEPAE2313I,1,100,1000000,CR03SHST4938
D3MX382400285,8748,J3160310,GNRSDEPAE2313I,1,100,1000000,CR03SHST4938
D3MX382400038,8748,J3160310,GNRSDEPAE2313I,1,100,1000000,CR03SHST4938
D31K8R3400184,8748,J3160310,GNRSDEPAE2313I,1,100,1000000,CR03SHST4938
D31K8R3400292,8748,J3160310,GNRSDEPAE2313I,1,100,1000000,CR03SHST4938
D36746RF00043,8748,J3160310,GNRSDEPAE2313I,1,100,1000000,CR03SHST4938
D31K8R3400027,8748,J3160310,GNRSDEPAE2313I,1,100,1000000,CR03SHST4938
D36746RF00130,8748,J3160310,GNRSDEPAE2313I,1,100,1000000,CR03SHST4938
D3GH832500620,8748,J3160310,GNRSDEPAE2313I,1,100,1000000,CR03SHST4938
D3MX382400021,8748,J317007DPM,GNRSDEPAE2313I,1,100,1000000,CR03SHST4938
D30Y9W4100088,8748,J317007DPM,GNRSDEPAE2313I,71,7118,71180040,CR03SHST4938
D34G8C5500056,8748,J317007DPM,GNRSDEPAE2313I,1,100,1000000,CR03SHST4938
D3MX382400295,8748,J317007DPM,GNRSDEPAE2313I,1,100,1000000,CR03SHST4938
D34G8C5500068,8748,J317007DPM,GNRSDEPAE2313I,1,100,1000000,CR03SHST4938
D30Y9W4100051,8748,J317007DPM,GNRSDEPAE2313I,1,100,1000000,CR03SHST4938
D30Y9W4100108,8748,J317007DPM,GNRSDEPAE2313I,1,100,1000000,CR03SHST4938
D34G8C5500131,8748,J317006DPM,GNRSDEPAE2313I,71,7118,71180100,CR03SHST4938
D3LR533200007,8748,J317006DPM,GNRSDEPAE2313I,80,8090,80901246,CR03SHST4938
D3LR533200004,8748,J317006DPM,GNRSDEPAE2313I,1,100,1000000,CR03SHST4938
D3LR533200045,8748,J317006DPM,GNRSDEPAE2313I,1,100,1000000,CR03SHST4938
D34G8C5500020,8748,J317006DPM,GNRSDEPAE2313I,1,100,1000000,CR03SHST4938
D3MX382400288,8748,J3170530,GNRSDEPAE2313I,1,100,1000000,CR03SHST4906
D30Y9W4100030,8748,J317006DPM,GNRSDEPAE2313I,1,100,1000000,CR03SHST4938
D34G8C5500129,8748,J317006DPM,GNRSDEPAE2313I,1,100,1000000,CR03SHST4938
D3GH832500562,8748,J3170530,GNRSDEPAE2313I,71,7118,71180040,CR03SHST4906
D3LR533200029,8748,J317006DPM,GNRSDEPAE2313I,81,8118,81180019,CR03SHST4938
D34G8C5500006,8748,J317006DPM,GNRSDEPAE2313I,71,7118,71180040,CR03SHST4938
D3LR533200043,8748,J317006DPM,GNRSDEPAE2313I,1,100,1000000,CR03SHST4938
D3LR533200136,8748,J317006DPM,GNRSDEPAE2313I,1,100,1000000,CR03SHST4938
D3LR533200047,8748,J317006DPM,GNRSDEPAE2313I,1,100,1000000,CR03SHST4938
D30Y9W4100096,8748,J317006DPM,GNRSDEPAE2313I,1,100,1000000,CR03SHST4938
D3LR533200034,8748,J317006DPM,GNRSDEPAE2313I,1,100,1000000,CR03SHST4938
D3LR533200009,8748,J317006DPM,GNRSDEPAE2313I,1,100,1000000,CR03SHST4938
D34G8C5500147,8748,J317006DPM,GNRSDEPAE2313I,1,100,1000000,CR03SHST4938
D3LR533200177,8748,J317006DPM,GNRSDEPAE2313I,1,100,1000000,CR03SHST4938
D3MX382400314,8748,J317007DPM,GNRSDEPAE2313I,1,100,1000000,CR03SHST4938
D3MX382400186,8748,J317007DPM,GNRSDEPAE2313I,1,100,1000000,CR03SHST4938
D3D7F82700048,8748,J317007DPM,GNRSDEPAE2313I,1,100,1000000,CR03SHST4938
D30Y9W4100126,8748,J317007DPM,GNRSDEPAE2313I,80,8090,80901246,CR03SHST4938
D30Y9W4100091,8748,J317007DPM,GNRSDEPAE2313I,91,9100,91000000,CR03SHST4938
D3N74H9700054,8748,J3170490,GNRSDEPAE2316C,1,100,1000000,CR03SHST4938
D3N74H9700115,8748,J3170490,GNRSDEPAE2316C,1,100,1000000,CR03SHST4938
D3N74H9700045,8748,J3170490,GNRSDEPAE2316C,1,100,1000000,CR03SHST4938
D3N74H9700086,8748,J3170490,GNRSDEPAE2316C,1,100,1000000,CR03SHST4938
D3N74H9700087,8748,J3170490,GNRSDEPAE2316C,1,100,1000000,CR03SHST4938
D3MX382400242,8748,J3170490,GNRSDEPAE2316C,1,100,1000000,CR03SHST4938
D34G8C5500052,8748,J317005DPM,GNRSDEPAE2316C,1,100,1000000,CR03SHST4938
D34G8C5500069,8748,J317005DPM,GNRSDEPAE2316C,1,100,1000000,CR03SHST4938
D34G8C5500057,8748,J317005DPM,GNRSDEPAE2316C,1,100,1000000,CR03SHST4938
D34G8C5500110,8748,J317005DPM,GNRSDEPAE2316C,71,7118,71180040,CR03SHST4938
D34G8C5500103,8748,J317005DPM,GNRSDEPAE2316C,1,100,1000000,CR03SHST4938
D3LR533200027,8748,J317005DPM,GNRSDEPAE2316C,1,100,1000000,CR03SHST4938
D34G8C5500111,8748,J317005DPM,GNRSDEPAE2316C,1,100,1000000,CR03SHST4938
D3N74H9700137,8748,J3170490,GNRSDEPAE2316C,71,7118,71180030,CR03SHST4938
D3N74H9700095,8748,J3170490,GNRSDEPAE2316C,71,7118,71180030,CR03SHST4938
D34G8C5500063,8748,J317005DPM,GNRSDEPAE2316C,1,100,1000000,CR03SHST4938
D30Y9W4100100,8748,J317005DPM,GNRSDEPAE2316C,1,100,1000000,CR03SHST4938
D34G8C5500041,8748,J317005DPM,GNRSDEPAE2316C,1,100,1000000,CR03SHST4938
D30Y9W4100133,8748,J317005DPM,GNRSDEPAE2316C,1,100,1000000,CR03SHST4938
D34G8C5500101,8748,J317005DPM,GNRSDEPAE2316C,1,100,1000000,CR03SHST4938
D30Y9W4100097,8748,J317005DPM,GNRSDEPAE2316C,1,100,1000000,CR03SHST4938
D34G8C5500013,8748,J317005DPM,GNRSDEPAE2316C,80,8090,80901329,CR03SHST4938
D3LR533200033,8748,J317005DPM,GNRSDEPAE2316C,71,7124,71240019,CR03SHST4938
D3LR533200077,8748,J317005DPM,GNRSDEPAE2316C,71,7118,71180040,CR03SHST4938
D3N74H9700076,8748,J3170490,GNRSDEPAE2316C,1,100,1000000,CR03SHST4938
D3N74H9700094,8748,J3170490,GNRSDEPAE2316C,1,100,1000000,CR03SHST4938
D3N74H9700173,8748,J3170490,GNRSDEPAE2316C,1,100,1000000,CR03SHST4938
D3N74H9700121,8748,J3170490,GNRSDEPAE2316C,1,100,1000000,CR03SHST4938
D3MX382400330,8748,J3170490,GNRSDEPAE2316C,1,100,1000000,CR03SHST4938
D3MX382400130,8748,J3170490,GNRSDEPAE2316C,1,100,1000000,CR03SHST4938
D3N74H9700077,8748,J3170490,GNRSDEPAE2316C,71,7118,71180040,CR03SHST4938
D3N74H9700162,8748,J3170490,GNRSDEPAE2316C,71,7118,71180040,CR03SHST4938
D3N74H9700174,8748,J3170490,GNRSDEPAE2316C,80,8090,80901246,CR03SHST4938
D3LR533200114,8748,J317010DPM,GNRSDEPAE2316C,1,100,1000000,CR03SHST4938
D30Y9W4100143,8748,J317010DPM,GNRSDEPAE2316C,81,8118,81180019,CR03SHST4938
D3LR533200148,8748,J317008DPM,GNRSDEPAE2316C,1,100,1000000,CR03SHST4938
D30Y9W4100084,8748,J317008DPM,GNRSDEPAE2316C,1,100,1000000,CR03SHST4938
D3MX382400025,8748,J317008DPM,GNRSDEPAE2316C,1,100,1000000,CR03SHST4938
D3MX382400183,8748,J317008DPM,GNRSDEPAE2316C,1,100,1000000,CR03SHST4938
D34G8C5500107,8748,J317008DPM,GNRSDEPAE2316C,1,100,1000000,CR03SHST4938
D34G8C5500141,8748,J317010DPM,GNRSDEPAE2316C,1,100,1000000,CR03SHST4938
D3MX382400189,8748,J317003DPM,GNRSDEPAE2316C,1,100,1000000,CR03SHST4906
D36746RF00098,8748,J316003ELT,GNRSDEPAE2313I,1,100,1000000,CR03SHST4938
D3GH832500634,8748,J316003ELT,GNRSDEPAE2313I,1,100,1000000,CR03SHST4938
D31K8R3400317,8748,J316002ELT,GNRSDEPAE2313I,1,100,1000000,CR03SHST4938
D3MX382400174,8748,J3160310,GNRSDEPAE2313I,1,100,1000000,CR03SHST4938
D36746RF00073,8748,J316003ELT,GNRSDEPAE2313I,1,100,1000000,CR03SHST4938
D36746RF00082,8748,J316003ELT,GNRSDEPAE2313I,1,100,1000000,CR03SHST4938
D36746RF00144,8748,J316003ELT,GNRSDEPAE2313I,1,100,1000000,CR03SHST4938
D3MX382400297,8748,J316016DPM,GNRSDEPAE2313I,1,100,1000000,CR03SHST4938
D3MX382400212,8748,J316016DPM,GNRSDEPAE2313I,1,100,1000000,CR03SHST4938
D3D7F82700028,8748,J316014DPM,GNRSDEPAE2313I,1,100,1000000,CR03SHST4938
D3D7F82700006,8748,J3160310,GNRSDEPAE2313I,1,100,1000000,CR03SHST4938
D3D7F82700046,8748,J316016DPM,GNRSDEPAE2313I,1,100,1000000,CR03SHST4938
D3D7F82700015,8748,J316016DPM,GNRSDEPAE2313I,1,100,1000000,CR03SHST4938
D30Y9W4100027,8748,J316016DPM,GNRSDEPAE2313I,80,8090,80901373,CR03SHST4938
D3MX382400325,8748,J316014DPM,GNRSDEPAE2313I,1,100,1000000,CR03SHST4938
D3MX382400306,8748,J316014DPM,GNRSDEPAE2313I,1,100,1000000,CR03SHST4938
D3LR533200066,8748,J317010DPM,GNRSDEPAE2316C,1,100,1000000,CR03SHST4938
D3GH832500596,8748,J3160310,GNRSDEPAE2313I,1,100,1000000,CR03SHST4938
D30Y9W4100069,8748,J317007DPM,GNRSDEPAE2313I,1,100,1000000,CR03SHST4938
D30Y9W4100109,8748,J317006DPM,GNRSDEPAE2313I,71,7121,71210010,CR03SHST4938
D34G8C5500034,8748,J317006DPM,GNRSDEPAE2313I,1,100,1000000,CR03SHST4938
D3LR533200046,8748,J317006DPM,GNRSDEPAE2313I,71,7118,71180100,CR03SHST4938
D3N74H9700033,8748,J3170490,GNRSDEPAE2316C,71,7118,71180040,CR03SHST4938
D34G8C5500123,8748,J317008DPM,GNRSDEPAE2316C,1,100,1000000,CR03SHST4938
D34G8C5500093,8748,J317003DPM,GNRSDEPAE2316C,80,8090,80901246,CR03SHST4906
D30Y9W4100086,8748,J317003DPM,GNRSDEPAE2316C,80,8090,80901254,CR03SHST4906
D3D7F82700052,8748,J317010DPM,GNRSDEPAE2316C,1,100,1000000,CR03SHST4938
D3D7F82700121,8748,J317010DPM,GNRSDEPAE2316C,1,100,1000000,CR03SHST4938
D34G8C5500074,8748,J317010DPM,GNRSDEPAE2316C,1,100,1000000,CR03SHST4938
D3MX382400179,8748,J317010DPM,GNRSDEPAE2316C,1,100,1000000,CR03SHST4938
D30Y9W4100056,8748,J317010DPM,GNRSDEPAE2316C,1,100,1000000,CR03SHST4938
D30Y9W4100028,8748,J317010DPM,GNRSDEPAE2316C,1,100,1000000,CR03SHST4938
D3D7F82700002,8748,J317010DPM,GNRSDEPAE2316C,1,100,1000000,CR03SHST4938
D3MX382400031,8748,J317010DPM,GNRSDEPAE2316C,1,100,1000000,CR03SHST4938
D3D7F82700114,8748,J317010DPM,GNRSDEPAE2316C,1,100,1000000,CR03SHST4938
D34G8C5500010,8748,J317010DPM,GNRSDEPAE2316C,1,100,1000000,CR03SHST4938
D3MX382400265,8748,J317010DPM,GNRSDEPAE2316C,1,100,1000000,CR03SHST4938
D3MX382400207,8748,J317010DPM,GNRSDEPAE2316C,1,100,1000000,CR03SHST4938
D3MX382400016,8748,J317010DPM,GNRSDEPAE2316C,1,100,1000000,CR03SHST4938
D3D7F82700055,8748,J317010DPM,GNRSDEPAE2316C,71,7118,71180040,CR03SHST4938
D34G8C5500137,8748,J317010DPM,GNRSDEPAE2316C,71,7118,71180040,CR03SHST4938
D30Y9W4100128,8748,J3170220,GNRSDEPAE2316C,1,100,1000000,CR03SHST4906
D30Y9W4100134,8748,J3170220,GNRSDEPAE2316C,1,100,1000000,CR03SHST4906
D34G8C5500148,8748,J3170220,GNRSDEPAE2316C,1,100,1000000,CR03SHST4906
D34G8C5500060,8748,J3170220,GNRSDEPAE2316C,1,100,1000000,CR03SHST4906
D3MX382400280,8748,J317010DPM,GNRSDEPAE2316C,1,100,1000000,CR03SHST4938
D34G8C5500130,8748,J317010DPM,GNRSDEPAE2316C,1,100,1000000,CR03SHST4938
D3D7F82700131,8748,J317010DPM,GNRSDEPAE2316C,1,100,1000000,CR03SHST4938
D3N74H9700118,8748,J3170490,GNRSDEPAE2316C,71,7124,71240019,CR03SHST4938
D3MX382400329,8748,J3170490,GNRSDEPAE2316C,71,7118,71180040,CR03SHST4938
D3N74H9700004,8748,J3170490,GNRSDEPAE2316C,80,8090,80902135,CR03SHST4938
D30Y9W4100040,8748,J3170220,GNRSDEPAE2316C,1,100,1000000,CR03SHST4906
D34G8C5500135,8748,J3170220,GNRSDEPAE2316C,1,100,1000000,CR03SHST4906
D3LR533200135,8748,J3170220,GNRSDEPAE2316C,1,100,1000000,CR03SHST4906
D34G8C5500071,8748,J317008DPM,GNRSDEPAE2316C,1,100,1000000,CR03SHST4938
D34G8C5500096,8748,J317008DPM,GNRSDEPAE2316C,1,100,1000000,CR03SHST4938
D30Y9W4100002,8748,J317008DPM,GNRSDEPAE2316C,1,100,1000000,CR03SHST4938
D3D7F82700109,8748,J317003DPM,GNRSDEPAE2316C,1,100,1000000,CR03SHST4906
D3LR533200015,8748,J317003DPM,GNRSDEPAE2316C,1,100,1000000,CR03SHST4906
D3MX382400225,8748,J317003DPM,GNRSDEPAE2316C,1,100,1000000,CR03SHST4906
D34G8C5500011,8748,J317008DPM,GNRSDEPAE2316C,1,100,1000000,CR03SHST4938
D3LR533200002,8748,J317008DPM,GNRSDEPAE2316C,1,100,1000000,CR03SHST4938
D34G8C5500124,8748,J317008DPM,GNRSDEPAE2316C,1,100,1000000,CR03SHST4938
D30Y9W4100046,8748,J317008DPM,GNRSDEPAE2316C,1,100,1000000,CR03SHST4938
D34G8C5500085,8748,J317008DPM,GNRSDEPAE2316C,1,100,1000000,CR03SHST4938
D3LR533200072,8748,J317008DPM,GNRSDEPAE2316C,1,100,1000000,CR03SHST4938
D30Y9W4100047,8748,J3170220,GNRSDEPAE2316C,1,100,1000000,CR03SHST4906
D34G8C5500014,8748,J3170220,GNRSDEPAE2316C,1,100,1000000,CR03SHST4906
D34G8C5500100,8748,J3170220,GNRSDEPAE2316C,1,100,1000000,CR03SHST4906
D34G8C5500073,8748,J317008DPM,GNRSDEPAE2316C,1,100,1000000,CR03SHST4938
D3LR533200182,8748,J317008DPM,GNRSDEPAE2316C,80,8090,80901246,CR03SHST4938
D30Y9W4100103,8748,J317008DPM,GNRSDEPAE2316C,71,7121,71210010,CR03SHST4938
D3LR533200049,8748,J317008DPM,GNRSDEPAE2316C,71,7124,71240019,CR03SHST4938
D34G8C5500113,8748,J317008DPM,GNRSDEPAE2316C,1,100,1000000,CR03SHST4938
D30Y9W4100105,8748,J317008DPM,GNRSDEPAE2316C,1,100,1000000,CR03SHST4938
D34G8C5500032,8748,J317008DPM,GNRSDEPAE2316C,1,100,1000000,CR03SHST4938
D3LR533200186,8748,J317003DPM,GNRSDEPAE2316C,1,100,1000000,CR03SHST4906
D3MX382400058,8748,J317003DPM,GNRSDEPAE2316C,1,100,1000000,CR03SHST4906
D3MX382400320,8748,J317003DPM,GNRSDEPAE2316C,1,100,1000000,CR03SHST4906
D30Y9W4100005,8748,J317003DPM,GNRSDEPAE2316C,1,100,1000000,CR03SHST4906
D34G8C5500019,8748,J317008DPM,GNRSDEPAE2316C,80,8090,80901507,CR03SHST4938
D34G8C5500099,8748,J317008DPM,GNRSDEPAE2316C,1,100,1000000,CR03SHST4938
D30Y9W4100021,8748,J317008DPM,GNRSDEPAE2316C,1,100,1000000,CR03SHST4938
D34G8C5500144,8748,J317008DPM,GNRSDEPAE2316C,1,100,1000000,CR03SHST4938
D30Y9W4100104,8748,J317008DPM,GNRSDEPAE2316C,1,100,1000000,CR03SHST4938
D34G8C5500104,8748,J317008DPM,GNRSDEPAE2316C,1,100,1000000,CR03SHST4938
D30Y9W4100001,8748,J317008DPM,GNRSDEPAE2316C,1,100,1000000,CR03SHST4938
D3LR533200032,8748,J317011DPM,GNRSDEPAE2316C,71,7118,71180040,CR03SHST4938
D34G8C5500125,8748,J317011DPM,GNRSDEPAE2316C,80,8090,80902135,CR03SHST4938
D3MX382400307,8748,J317011DPM,GNRSDEPAE2316C,1,100,1000000,CR03SHST4938
D30Y9W4100019,8748,J317011DPM,GNRSDEPAE2316C,1,100,1000000,CR03SHST4938
D30Y9W4100129,8748,J317011DPM,GNRSDEPAE2316C,1,100,1000000,CR03SHST4938
D3D7F82700123,8748,J317011DPM,GNRSDEPAE2316C,1,100,1000000,CR03SHST4938
D3D7F82700104,8748,J317011DPM,GNRSDEPAE2316C,1,100,1000000,CR03SHST4938
D34G8C5500053,8748,J317011DPM,GNRSDEPAE2316C,1,100,1000000,CR03SHST4938
D3LR533200168,8748,J317011DPM,GNRSDEPAE2316C,1,100,1000000,CR03SHST4938
D3D7F82700086,8748,J317011DPM,GNRSDEPAE2316C,1,100,1000000,CR03SHST4938
D3LR533200005,8748,J317011DPM,GNRSDEPAE2316C,1,100,1000000,CR03SHST4938
D3N74H9700208,8748,J3170500,GNRSDEPAE2316C,1,100,1000000,CR03SHST4938
D3N74H9700193,8748,J3170500,GNRSDEPAE2316C,1,100,1000000,CR03SHST4938
D3N74H9700201,8748,J3170500,GNRSDEPAE2316C,1,100,1000000,CR03SHST4938
D30Y9W4100135,8748,J317011DPM,GNRSDEPAE2316C,71,7118,71180040,CR03SHST4938
D30Y9W4100137,8748,J317011DPM,GNRSDEPAE2316C,80,8090,80901246,CR03SHST4938
D34G8C5500046,8748,J317011DPM,GNRSDEPAE2316C,71,7124,71240019,CR03SHST4938
D3LR533200095,8748,J317011DPM,GNRSDEPAE2316C,1,100,1000000,CR03SHST4938
D30Y9W4100006,8748,J317011DPM,GNRSDEPAE2316C,1,100,1000000,CR03SHST4938
D34G8C5500044,8748,J317011DPM,GNRSDEPAE2316C,1,100,1000000,CR03SHST4938
D34G8C5500028,8748,J317011DPM,GNRSDEPAE2316C,1,100,1000000,CR03SHST4938
D3LR533200103,8748,J317011DPM,GNRSDEPAE2316C,1,100,1000000,CR03SHST4938
D3LR533200083,8748,J317011DPM,GNRSDEPAE2316C,1,100,1000000,CR03SHST4938
D3N74H9700142,8748,J3170500,GNRSDEPAE2316C,1,100,1000000,CR03SHST4938
D3N74H9700139,8748,J3170500,GNRSDEPAE2316C,1,100,1000000,CR03SHST4938
D3N74H9700048,8748,J3170500,GNRSDEPAE2316C,1,100,1000000,CR03SHST4938
D3N74H9700034,8748,J3170500,GNRSDEPAE2316C,1,100,1000000,CR03SHST4938
D3N74H9700017,8748,J3170500,GNRSDEPAE2316C,1,100,1000000,CR03SHST4938
D3N74H9700065,8748,J3170500,GNRSDEPAE2316C,1,100,1000000,CR03SHST4938
D3N74H9700179,8748,J3170500,GNRSDEPAE2316C,71,7118,71180040,CR03SHST4938
D3N74H9700175,8748,J3170500,GNRSDEPAE2316C,71,7118,71180040,CR03SHST4938
D3N74H9700096,8748,J3170500,GNRSDEPAE2316C,71,7118,71180040,CR03SHST4938
D3N74H9700200,8748,J3170500,GNRSDEPAE2316C,1,100,1000000,CR03SHST4938
D3N74H9700107,8748,J3170500,GNRSDEPAE2316C,1,100,1000000,CR03SHST4938
D3N74H9700064,8748,J3170500,GNRSDEPAE2316C,1,100,1000000,CR03SHST4938
D3N74H9700051,8748,J3170500,GNRSDEPAE2316C,1,100,1000000,CR03SHST4938
D3N74H9700178,8748,J3170500,GNRSDEPAE2316C,1,100,1000000,CR03SHST4938
D3N74H9700145,8748,J3170500,GNRSDEPAE2316C,1,100,1000000,CR03SHST4938
D3N74H9700067,8748,J3170500,GNRSDEPAE2316C,1,100,1000000,CR03SHST4938
D3N74H9700158,8748,J3170500,GNRSDEPAE2316C,1,100,1000000,CR03SHST4938
D3N74H9700009,8748,J3170500,GNRSDEPAE2316C,1,100,1000000,CR03SHST4938
D3MX382400113,8748,J3170520,GNRSDEPAE2316C,71,7121,71210050,CR03SHST4938
D31K8R3400020,8748,J3170520,GNRSDEPAE2316C,71,7118,71180040,CR03SHST4938
D31K8R3400205,8748,J3170520,GNRSDEPAE2316C,71,7118,71180040,CR03SHST4938
D34G8C5500003,8748,J317001DPM,GNRSDEPAE2316C,1,100,1000000,CR03SHST4938
D30Y9W4100124,8748,J317001DPM,GNRSDEPAE2316C,1,100,1000000,CR03SHST4938
D3MX382400219,8748,J3170520,GNRSDEPAE2316C,1,100,1000000,CR03SHST4938
D3MX382400112,8748,J3170520,GNRSDEPAE2316C,71,7118,71180040,CR03SHST4938
D31K8R3400142,8748,J3170520,GNRSDEPAE2316C,71,7118,71180040,CR03SHST4938
D3MX382400311,8748,J3170520,GNRSDEPAE2316C,1,100,1000000,CR03SHST4938
D3MX382400318,8748,J3170520,GNRSDEPAE2316C,1,100,1000000,CR03SHST4938
D31K8R3400178,8748,J3170520,GNRSDEPAE2316C,1,100,1000000,CR03SHST4938
D3MX382400041,8748,J3170520,GNRSDEPAE2316C,1,100,1000000,CR03SHST4938
D3MX382400208,8748,J3170520,GNRSDEPAE2316C,1,100,1000000,CR03SHST4938
D3MX382400303,8748,J3170520,GNRSDEPAE2316C,1,100,1000000,CR03SHST4938
D31K8R3400071,8748,J3170520,GNRSDEPAE2316C,1,100,1000000,CR03SHST4938
D31K8R3400138,8748,J3170520,GNRSDEPAE2316C,1,100,1000000,CR03SHST4938
D31K8R3400241,8748,J3170520,GNRSDEPAE2316C,1,100,1000000,CR03SHST4938
D3MX382400190,8748,J3170520,GNRSDEPAE2316C,1,100,1000000,CR03SHST4938
D31K8R3400150,8748,J3170520,GNRSDEPAE2316C,1,100,1000000,CR03SHST4938
D31K8R3400143,8748,J3170520,GNRSDEPAE2316C,1,100,1000000,CR03SHST4938
D31K8R3400310,8748,J3170520,GNRSDEPAE2316C,1,100,1000000,CR03SHST4938
D3MX382400291,8748,J3170520,GNRSDEPAE2316C,1,100,1000000,CR03SHST4938
D3LR533200184,8748,J317001DPM,GNRSDEPAE2316C,1,100,1000000,CR03SHST4938
D34G8C5500092,8748,J317011DPM,GNRSDEPAE2316C,1,100,1000000,CR03SHST4938
D3N74H9700177,8748,J3170510,GNRSDEPAE2316C,1,100,1000000,CR03SHST4906
D3N74H9700022,8748,J3170510,GNRSDEPAE2316C,1,100,1000000,CR03SHST4906
D3N74H9700100,8748,J3170510,GNRSDEPAE2316C,1,100,1000000,CR03SHST4906
D31K8R3400249,8748,J3170520,GNRSDEPAE2316C,1,100,1000000,CR03SHST4938
D31K8R3400283,8748,J3170520,GNRSDEPAE2316C,1,100,1000000,CR03SHST4938
D3MX382400133,8748,J3170520,GNRSDEPAE2316C,1,100,1000000,CR03SHST4938
D3MX382400044,8748,J3170520,GNRSDEPAE2316C,1,100,1000000,CR03SHST4938
D3MX382400122,8748,J3170520,GNRSDEPAE2316C,1,100,1000000,CR03SHST4938
D31K8R3400070,8748,J3170520,GNRSDEPAE2316C,1,100,1000000,CR03SHST4938
D3MX382400250,8748,J3170520,GNRSDEPAE2316C,1,100,1000000,CR03SHST4938
D3MX382400123,8748,J3170520,GNRSDEPAE2316C,1,100,1000000,CR03SHST4938
D34G8C5500029,8748,J317001DPM,GNRSDEPAE2316C,1,100,1000000,CR03SHST4938
D3N74H9700011,8748,J3170510,GNRSDEPAE2316C,80,8090,80902114,CR03SHST4906
D3N74H9700166,8748,J3170510,GNRSDEPAE2316C,1,100,1000000,CR03SHST4906
D3N74H9700039,8748,J3170510,GNRSDEPAE2316C,1,100,1000000,CR03SHST4906
D3N74H9700203,8748,J3170510,GNRSDEPAE2316C,1,100,1000000,CR03SHST4906
D3N74H9700093,8748,J3170510,GNRSDEPAE2316C,1,100,1000000,CR03SHST4906
D3N74H9700148,8748,J3170510,GNRSDEPAE2316C,1,100,1000000,CR03SHST4906
D3N74H9700040,8748,J3170510,GNRSDEPAE2316C,1,100,1000000,CR03SHST4906
D3N74H9700001,8748,J3170510,GNRSDEPAE2316C,80,8090,80901649,CR03SHST4906
D3N74H9700061,8748,J3170510,GNRSDEPAE2316C,71,7118,71180040,CR03SHST4906
D3N74H9700079,8748,J3170510,GNRSDEPAE2316C,71,7118,71180040,CR03SHST4906
D3N74H9700109,8748,J3170510,GNRSDEPAE2316C,1,100,1000000,CR03SHST4906
D3N74H9700191,8748,J3170510,GNRSDEPAE2316C,1,100,1000000,CR03SHST4906
D3N74H9700141,8748,J3170510,GNRSDEPAE2316C,1,100,1000000,CR03SHST4906
D3N74H9700101,8748,J3170510,GNRSDEPAE2316C,1,100,1000000,CR03SHST4906
D3N74H9700024,8748,J3170510,GNRSDEPAE2316C,1,100,1000000,CR03SHST4906
D3N74H9700170,8748,J3170510,GNRSDEPAE2316C,1,100,1000000,CR03SHST4906
D34G8C5500094,8748,J317010DPM,GNRSDEPAE2316C,71,7118,71180040,CR03SHST4938
D3LR533200145,8748,J317001DPM,GNRSDEPAE2316C,71,7118,71180030,CR03SHST4938
D34G8C5500033,8748,J317008DPM,GNRSDEPAE2316C,1,100,1000000,CR03SHST4938
D34G8C5500040,8748,J317008DPM,GNRSDEPAE2316C,71,7118,71180040,CR03SHST4938
D34G8C5500120,8748,J317008DPM,GNRSDEPAE2316C,71,7118,71180040,CR03SHST4938
D34G8C5500007,8748,J317011DPM,GNRSDEPAE2316C,1,100,1000000,CR03SHST4938
D3LR533200147,8748,J317011DPM,GNRSDEPAE2316C,1,100,1000000,CR03SHST4938
D31K8R3400180,8748,J3170520,GNRSDEPAE2316C,1,100,1000000,CR03SHST4938
D31K8R3400189,8748,J3170520,GNRSDEPAE2316C,1,100,1000000,CR03SHST4938
